[Account_Value],[Account_Name],[Account_Description],[Account_Type],[Account_Sign],[Account_Document],[Account_Summary],[Default_Account],[Account_Parent]
1,Assets,,Asset,,,Yes,,
11,NON-CURRENT ASSETS1,,Asset,,,Yes,,1
11100,Depreciated Fixed Assets,Bank Asset,Asset,,Yes,,B_ASSET_ACCT,11
11110,Buildings,Bank transactions in transit,Asset,,Yes,,B_INTRANSIT_ACCT,111
11120,Structures,"Received, unallocated payments",Asset,,Yes,,B_UNALLOCATEDCASH_ACCT,111
11130,Transmissive device,"Received, unallocated payments",Asset,,Yes,,B_UNALLOCATEDCASH_ACCT,111
11140,Machinery and equipment,"Received, unallocated payments",Asset,,Yes,,B_UNALLOCATEDCASH_ACCT,111
11150,Transportation means,"Received, unallocated payments",Asset,,Yes,,B_UNALLOCATEDCASH_ACCT,111
11160,Production and Operation Fixtures and tools,"Received, unallocated payments",Asset,,Yes,,B_UNALLOCATEDCASH_ACCT,111
11190,Other Fixed Assets,"Received, unallocated payments",Asset,,Yes,,B_UNALLOCATEDCASH_ACCT,111
11200,Depreciation of Fixed Assets,"Received, unallocated payments",Asset,,Yes,,B_UNALLOCATEDCASH_ACCT,11
11210,Depreciation of Buildings,"Received, unallocated payments",Asset,,Yes,,B_UNALLOCATEDCASH_ACCT,112
11220,Depreciation of Structures,"Received, unallocated payments",Asset,,Yes,,B_UNALLOCATEDCASH_ACCT,112
11230,Depreciation of Transmissive devices,"Received, unallocated payments",Asset,,Yes,,B_UNALLOCATEDCASH_ACCT,112
11240,Depreciation of Machinery and equipment,"Received, unallocated payments",Asset,,Yes,,B_UNALLOCATEDCASH_ACCT,112
11250,Depreciation of Transportation means,"Received, unallocated payments",Asset,,Yes,,B_UNALLOCATEDCASH_ACCT,112
11260,"Depreciation of Product., Oper. Fixtures and tools","Received, unallocated payments",Asset,,Yes,,B_UNALLOCATEDCASH_ACCT,112
11290,Deprecation of other Fixed Assets,"Received, unallocated payments",Asset,,Yes,,B_UNALLOCATEDCASH_ACCT,112
11500,Land,"Received, unallocated payments",Asset,,Yes,,B_UNALLOCATEDCASH_ACCT,11
11600,Biological assets,"Received, unallocated payments",Asset,,Yes,,B_UNALLOCATEDCASH_ACCT,11
11610,Orchards,"Received, unallocated payments",Asset,,Yes,,B_UNALLOCATEDCASH_ACCT,116
11620,Plantation Trees,"Received, unallocated payments",Asset,,Yes,,B_UNALLOCATEDCASH_ACCT,116
11630,Shrubbery,"Received, unallocated payments",Asset,,Yes,,B_UNALLOCATEDCASH_ACCT,116
11640,Grapevine,"Received, unallocated payments",Asset,,Yes,,B_UNALLOCATEDCASH_ACCT,116
11650,Milch herd,"Received, unallocated payments",Asset,,Yes,,B_UNALLOCATEDCASH_ACCT,116
11660,Meat giving animals,"Received, unallocated payments",Asset,,Yes,,B_UNALLOCATEDCASH_ACCT,116
11700,Depreciation of Biological Assets,"Received, unallocated payments",Asset,,Yes,,B_UNALLOCATEDCASH_ACCT,11
11710,Depreciation of Orchards,"Received, unallocated payments",Asset,,Yes,,B_UNALLOCATEDCASH_ACCT,117
11720,Depreciation of Plantation Trees,"Received, unallocated payments",Asset,,Yes,,B_UNALLOCATEDCASH_ACCT,117
11730,Depreciation of Shrubbery,"Received, unallocated payments",Asset,,Yes,,B_UNALLOCATEDCASH_ACCT,117
11740,Depreciation of Grapevine,"Received, unallocated payments",Asset,,Yes,,B_UNALLOCATEDCASH_ACCT,117
11750,Depreciation of Milch herd,"Received, unallocated payments",Asset,,Yes,,B_UNALLOCATEDCASH_ACCT,117
11760,Depreciation of Meat Giving Animals,"Received, unallocated payments",Asset,,Yes,,B_UNALLOCATEDCASH_ACCT,117
11800,Not available Fixed Assets for the use,"Received, unallocated payments",Asset,,Yes,,B_UNALLOCATEDCASH_ACCT,11
11810,Not available Buildings for the use,"Received, unallocated payments",Asset,,Yes,,B_UNALLOCATEDCASH_ACCT,118
11820,Not available Structures for the use,"Received, unallocated payments",Asset,,Yes,,B_UNALLOCATEDCASH_ACCT,118
11830,Not available Transmissive device for the use,"Received, unallocated payments",Asset,,Yes,,B_UNALLOCATEDCASH_ACCT,118
11850,Not available Transportation means for the use,"Received, unallocated payments",Asset,,Yes,,B_UNALLOCATEDCASH_ACCT,118
11860,Not available Production and Operation Fixtures an,"Received, unallocated payments",Asset,,Yes,,B_UNALLOCATEDCASH_ACCT,118
11870,Not available Other Fixed Assets for the use,"Received, unallocated payments",Asset,,Yes,,B_UNALLOCATEDCASH_ACCT,118
11900,Finance leased Fixed Assets,"Received, unallocated payments",Asset,,Yes,,B_UNALLOCATEDCASH_ACCT,11
11910,Finance leased Buildings,"Received, unallocated payments",Asset,,Yes,,B_UNALLOCATEDCASH_ACCT,119
11920,Finance leased Machinery and Equipment,"Received, unallocated payments",Asset,,Yes,,B_UNALLOCATEDCASH_ACCT,119
11930,Finance leased Transportation means,"Received, unallocated payments",Asset,,Yes,,B_UNALLOCATEDCASH_ACCT,119
11940,Finance leased other Fixed Assets,Cash Book Asset,Asset,,Yes,,CB_ASSET_ACCT,119
12,NON-CURRENT ASSETS2,,Asset,,,Yes,,1
12100,Depreciation of finance leased Fixed Assets,,Asset,,,Yes,,12
12110,Depreciation of finance leased Buildings,Accounts Receivables,Asset,,Yes,,C_RECEIVABLE_ACCT,121
12115,Accounts Receivable Services - Trade,Accounts Receivables for Services,Asset,,Yes,,C_RECEIVABLE_SERVICES_ACCT,121
12120,Depreciation of finance leased Machinery and equip,Accounts Receivables,Asset,,Yes,,C_RECEIVABLE_ACCT,121
12130,Deprecation of finance leased Transportation means,Accounts Receivables,Asset,,Yes,,C_RECEIVABLE_ACCT,121
12140,Deprecation of finance leased other Fixed Assets,Accounts Receivables,Asset,,Yes,,C_RECEIVABLE_ACCT,121
12200,Investment property,,Asset,,,Yes,,12
12210,Investment property calculated in actual price,,Asset,,,Yes,,122
12211,Investment property calculat. in actual price Land,,Asset,,,Yes,,122
12212,Inves. property calculat. in actual price Building,,Asset,,,Yes,,122
12220,Investment property calculated in initial cost,,Asset,,,Yes,,122
12221,Inves.property calculated in initial cost Land,,Asset,,,Yes,,122
12222,Inves. property calculat. in initial cost Building,,Asset,,,Yes,,122
12300,Deprecation of Inv.property calc-d in initial cost,,Asset,,,Yes,,12
12400,Devaluation of Non-curent tangible assets,,Asset,,,Yes,,12
12410,Devaluation of deprecated Fixed Assets,,Asset,,,Yes,,124
12411,Devaluation of deprecated buildings,,Asset,,,Yes,,124
12412,Devaluation of deprecated structures,,Asset,,,Yes,,124
12413,Devaluation of deprecated transmissive device,,Asset,,,Yes,,124
12414,Devaluation of deprecated machinery and equipment,,Asset,,,Yes,,124
12415,Devaluation of deprecated transportation means,,Asset,,,Yes,,124
12416,Devaluation of Production and Operation Fixtures,,Asset,,,Yes,,124
12419,Devaluation of deprecated Other Fixed Assets,,Asset,,,Yes,,124
12420,Devaluation of Land,,Asset,,,Yes,,124
12430,Devaluation of Biological Assets,,Asset,,,Yes,,124
12440,Devaluation of Unfinished Non-current Tangible Ass,,Asset,,,Yes,,124
12450,Devaluation of finance leased Fixed Assets,,Asset,,,Yes,,124
12451,Devaluation of finance leased Buildings,,Asset,,,Yes,,124
12452,Devaluation of fin. leased Machinery and equipment,,Asset,,,Yes,,124
12453,Devaluation of finance leased Transportation means,,Asset,,,Yes,,124
12454,Devaluation of finance leased Other Fixed Assets,,Asset,,,Yes,,124
12460,Devaluation of Investment property,,Asset,,,Yes,,124
12461,Devaluation of Investment property calc.in act.pr.,,Asset,,,Yes,,124
12462,Devaluation of Invest.property calc.in act.pr.Land,,Asset,,,Yes,,124
12463,Devaluation of Investment property,,Asset,,,Yes,,124
12464,Devaluation of Investment property,,Asset,,,Yes,,124
125,Prepayments,,Asset,,,Yes,,12
12510,Vendor prepayment,Prepayments for future expense,Asset,,Yes,,V_PREPAYMENT_ACCT,125
126,Tax receivables,,Asset,,,Yes,,12
12610,Tax credit A/R,Tax to be reimbursed - before tax declaration,Asset,,Yes,,T_CREDIT_ACCT,21
12800,Intercompany Due From,Default Receivables account for intercompany trx,Asset,,Yes,,INTERCOMPANYDUEFROM_ACCT,12
13,INTANGIBLE ASSETS,,Asset,,,Yes,,1
13100,Intangible Assets,,Asset,,,Yes,,13
13110,Name of companies,,Asset,,,Yes,,131
13120,Name of publications,,Asset,,,Yes,,131
13130,Software,,Asset,,,Yes,,131
13140,Licenses and deductibles,,Asset,,,Yes,,131
13150,Copyrightes,,Asset,,,Yes,,131
13160,Patents,,Asset,,,Yes,,131
13170,Rights for delivering services and expl-n,,Asset,,,Yes,,131
13180,"Formulations, models, projects,recipes,mock-ups",,Asset,,,Yes,,131
13190,Other intangible assets,,Asset,,,Yes,,131
13200,Deprecation of intangible assets,,Asset,,,Yes,,13
13210,Deprecation of Name of companies,,Asset,,,Yes,,132
13220,Deprecation of Name of publications,,Asset,,,Yes,,132
13230,Deprecation of Software,,Asset,,,Yes,,132
13240,Deprecation of Licensies and deductibles,,Asset,,,Yes,,132
13250,Deprecation of Copyrightes,,Asset,,,Yes,,132
13260,Deprecation of Patents,,Asset,,,Yes,,132
13270,Depr-n of Rightes for delivering serv-s and exp-n,,Asset,,,Yes,,132
13280,"Deprecation of formul-s, models, prjects,recipes",,Asset,,,Yes,,132
13290,Deprecation of other intangible assets,,Asset,,,Yes,,132
13300,Unfinished intangible assets,,Asset,,,Yes,,13
13310,Intangible assets in processing,,Asset,,,Yes,,133
13320,Further capitalized expenditures on Intangible ass,,Asset,,,Yes,,133
13400,Goodwill,,Asset,,,Yes,,13
13600,Devaluation of Intangible assets,,Asset,,,Yes,,13
13610,Devaluation of Intangible assets,,Asset,,,Yes,,136
13620,Devaluation of Intangible assets in processing,,Asset,,,Yes,,136
13630,Devaluation of Goodwill,,Asset,,,Yes,,136
14,NON-CURRENT FINANCAL ASSETS,,Asset,,,Yes,,1
14100,Non-cur.inv.in aut.c-l of unrel.p-s c-d in init co,,Asset,,,Yes,,14
14110,Non-cur.inv.in aut.c-l of unrel.p-s c-d eq. Inst.,,Asset,,,Yes,,141
14120,Non-cur.inv.in aut.c-l of unrel.p-s c-d der. Inst.,,Asset,,,Yes,,141
14200,Non-cur.inv.in aut.c-l of rel.p-s c-d in init cost,,Asset,,,Yes,,14
14210,N-c.inv.in dauth.est.aut.cap-l calc.in init.cost,,Asset,,,Yes,,142
14220,N-c.inv.in ass.est.auth.cap-l calc. in init.cost,,Asset,,,Yes,,142
14230,N-c.inv.in auth.c-l of joint.contr.un.calc.in i.c.,Product Inventory Account,Asset,,Yes,,P_ASSET_ACCT,142
14300,Non-current financ.assets measured in real value,,Asset,,,Yes,,14
14310,Non-current financ.assets available for sale,,Asset,,,Yes,,143
14320,Non-current financ.assets available for sale,,Asset,,,Yes,,143
14400,"Tot.earn.from l-term inv.,keep.untill time to run",,Asset,,,Yes,,14
14500,Total earnings from long-term lending,,Asset,,,Yes,,14
14510,Total earnings from long-term lending,,Asset,,,Yes,,145
14600,Total earnings from finance lease,,Asset,,,Yes,,14
14700,Unear.fin.inc.from l-term fin.as.calc.in dep.value,,Asset,,,Yes,,14
14710,Unear.fin.inc.from l-t.inv.ke-d untill time to run,,Asset,,,Yes,,147
14720,Uneraend fin.income from long-term lending,,Asset,,,Yes,,147
14730,Unearned financial income from finance lease,,Asset,,,Yes,,147
14800,Non-current financial assets provide for hedging,,Asset,,,Yes,,14
14900,Devaluation of non-cur.fin.assets(non-repayabl.),,Asset,,,Yes,,14
14910,Deval.of non-cur.inv in auth.cap.of unrelated part,,Asset,,,Yes,,149
14920,Deval.of non-cur.inv in auth.cap.of related partie,,Asset,,,Yes,,149
14930,Non-repay. of l-term inv.keeped untill time to run,,Asset,,,Yes,,149
14940,Non-repayabl.of long -term lending,,Asset,,,Yes,,149
14950,Non-repay.of total earn. from finance lease,,Asset,,,Yes,,149
15,OTHER NON-CURRENT ASSETS,,Asset,,,Yes,,1
151,Defered tax assets,,Asset,,,Yes,,15
152,DepositsPrepayments for acquisition of non-current assets,,Asset,,,Yes,,15
153,Assets of fixed payments proposals,,Asset,,,Yes,,15
154,Non-cur.assets from defered expenditures,,Asset,,,Yes,,15
155,Deprecation of non-cur.assets from defered expend,,Asset,,,Yes,,15
156,Acquisition of entrepreneurial activity,,Asset,,,Yes,,15
157,Defered profit tax assets (fin),,Asset,,,Yes,,15
16,Land and Building,,Asset,,,Yes,,1
17,"Furniture, Fixtures & Equipment",,Asset,,,Yes,,1
177,Project Assets,,Asset,,,Yes,,17
17710,Project asset,Created Asset,Asset,,Yes,,PJ_ASSET_ACCT,177
17720,Project WIP,Asset Work in Progress,Asset,,Yes,,PJ_WIP_ACCT,177
18,Accumulated Depreciation,,Asset,,,Yes,,1
19,Other Assets,,Asset,,,Yes,,1
191,Intangible Assets,,Asset,,,Yes,,19
2,Other Assets,,Asset,,,Yes,,
21,INVENTORY AND BIOLOGICAL ASSETS,,Asset,,,Yes,,2
211,Materials,,Asset,,,Yes,,21
21110,Raw materials and materials,Accounts Payables,Asset,,Yes,,V_LIABILITY_ACCT,211
21120,"Procured semi-finished products,compl.parts,compon",Accounts Payables,Asset,,Yes,,V_LIABILITY_ACCT,211
21130,Fuel                                              ,Accounts Payables,Asset,,Yes,,V_LIABILITY_ACCT,211
21140,Containers and packaging materials                ,Accounts Payables,Asset,,Yes,,V_LIABILITY_ACCT,211
21150,Spare parts                                       ,Accounts Payables,Asset,,Yes,,V_LIABILITY_ACCT,211
21160,Construction materials                            ,Accounts Payables,Asset,,Yes,,V_LIABILITY_ACCT,211
21170,Agricultural materials                            ,Accounts Payables,Asset,,Yes,,V_LIABILITY_ACCT,211
21180,Materials transferred in processing               ,Accounts Payables,Asset,,Yes,,V_LIABILITY_ACCT,211
21190,Other materials                                   ,,Asset,,,Yes,,211
21200,Consumed Biological Assets,Accounts Payables for non-product revenue,Asset,,Yes,,V_LIABILITY_SERVICES_ACCT,21
21300,Absent,Absent,Asset,,Yes,,B_PAYMENTSELECT_ACCT,21
21310,Absent,Absent,Asset,,Yes,,B_PAYMENTSELECT_ACCT,213
21400,Work-in-process,,Asset,,Yes,,B_PAYMENTSELECT_ACCT,21
21410,Work-in-process(manufacturing)           ,,Asset,,Yes,,B_PAYMENTSELECT_ACCT,214
21420,Work-in-process(making)                     ,,Asset,,Yes,,B_PAYMENTSELECT_ACCT,214
21430,Work-in-process(services)                    ,,Asset,,Yes,,B_PAYMENTSELECT_ACCT,214
21440,Work-in-process(auxiliary processing)   ,,Asset,,Yes,,B_PAYMENTSELECT_ACCT,214
215,Product,,Asset,,,Yes,,21
21510,Finished products,Prepayments for future revenue,Asset,,Yes,,C_PREPAYMENT_ACCT,215
21520,Semi-finished products of own production          ,Prepayments for future revenue,Asset,,Yes,,C_PREPAYMENT_ACCT,215
21530,Products transferred for sale on cons.and com.bas ,Prepayments for future revenue,Asset,,Yes,,C_PREPAYMENT_ACCT,215
21540,Products shipped                                  ,Prepayments for future revenue,Asset,,Yes,,C_PREPAYMENT_ACCT,215
216,Goods,,Asset,,,Yes,,21
21610,Goods in warehouse,,Asset,,Yes,,T_DUE_ACCT,216
21620,Goods,,Asset,,Yes,,T_DUE_ACCT,216
21621,Goods,,Asset,,Yes,,T_DUE_ACCT,216
2163,Containers and packaging materials                ,,Asset,,Yes,,T_DUE_ACCT,216
2164,Goods transferred for sale on consig.and com.bases,,Asset,,Yes,,T_DUE_ACCT,216
2165,Goods shipped                                     ,,Asset,,Yes,,T_DUE_ACCT,216
2166,Other goods                                       ,,Asset,,Yes,,T_DUE_ACCT,216
2167,Absent,,Asset,,Yes,,T_DUE_ACCT,216
2170,Containers and packaging materials                ,,Asset,,Yes,,T_DUE_ACCT,21
2171,Trade make-up ,,Asset,,Yes,,T_DUE_ACCT,217
2172,VAT                ,,Asset,,Yes,,T_DUE_ACCT,217
2173,Excise tax       ,,Asset,,Yes,,T_DUE_ACCT,217
2180,Reduction of the inventory value ,,Asset,,Yes,,T_DUE_ACCT,21
2181,Reduction of the materials value           ,,Asset,,Yes,,T_DUE_ACCT,218
2184,Reduction of the work-in-process value ,,Asset,,Yes,,T_DUE_ACCT,218
2185,Reduction of the products value           ,,Asset,,Yes,,T_DUE_ACCT,218
2186,Reduction of the goods value               ,,Asset,,Yes,,T_DUE_ACCT,218
2190,Variance account,,Asset,,Yes,,T_DUE_ACCT,21
22,OPERATING AND OTHER CURRENT RECEIVABLES,,Asset,,Yes,,T_DUE_ACCT,2
221,Receivables from sales                            ,,Asset,,Yes,,T_DUE_ACCT,22
2211,Receivables from sales of products and goods      ,,Asset,,Yes,,T_DUE_ACCT,221
2212,Receivables from leaving of services              ,,Asset,,Yes,,T_DUE_ACCT,221
2213,Receivables from sales of the other inventory     ,,Asset,,Yes,,T_DUE_ACCT,221
2214,Receivables from disposals of finan.investments   ,,Asset,,Yes,,T_DUE_ACCT,221
2215,Receivables from disposals of fixed assets        ,,Asset,,Yes,,T_DUE_ACCT,221
2216,Receivables from other sales,,Asset,,Yes,,T_DUE_ACCT,221
2200,Receivables from other income,,Asset,,Yes,,T_DUE_ACCT,2
2210,Receivables from sales,,Asset,,Yes,,T_DUE_ACCT,22
2220,Receivables from other income,,Asset,,Yes,,T_DUE_ACCT,22
2221,Receivables on operat.lease         ,,Asset,,Yes,,T_DUE_ACCT,222
2222,Receivables on dividends             ,,Asset,,Yes,,T_DUE_ACCT,222
2223,Receivables on accrued               ,,Asset,,Yes,,T_DUE_ACCT,222
2224,Receivables on insurance money  ,,Asset,,Yes,,T_DUE_ACCT,222
2225,Receivables on fines and penalties,,Asset,,Yes,,T_DUE_ACCT,222
2226,Receivables on material losses     ,,Asset,,Yes,,T_DUE_ACCT,222
2227,Receivables on other income        ,,Asset,,Yes,,T_DUE_ACCT,222
2230,Reserv.for pos.losses,,Asset,,Yes,,T_DUE_ACCT,22
2231,Receivables on dividends             ,,Asset,,Yes,,T_DUE_ACCT,223
2232,Receivables on accrued               ,,Asset,,Yes,,T_DUE_ACCT,223
224,Receivables on insurance money  ,,Asset,,Yes,,T_DUE_ACCT,22
2241,Prepayments made for acquisition of materials,,Asset,,Yes,,T_DUE_ACCT,224
2242,Current prepayments made                          ,,Asset,,Yes,,T_DUE_ACCT,224
22421,Current prepayments made                          ,,Asset,,Yes,,T_DUE_ACCT,224
22422,Current prepayments made                          ,,Asset,,Yes,,T_DUE_ACCT,224
22423,Absent,,Asset,,Yes,,T_DUE_ACCT,224
22424,Absent,,Asset,,Yes,,T_DUE_ACCT,224
2243,Prepayments for acquisition of working and service,,Asset,,Yes,,T_DUE_ACCT,224
2245,Prepayments for other purposes,,Asset,,Yes,,T_DUE_ACCT,224
2250,SHORT-TERM RECEIVABLES ON SETTLMENTS WITH BUDGET,,Asset,,Yes,,T_DUE_ACCT,22
2251,SHORT-TERM RECEIVABLES ON SETTLMENTS WITH BUDGET,,Asset,,Yes,,T_DUE_ACCT,225
22511,Absent                                           ,,Asset,,Yes,,T_DUE_ACCT,225
22512,Absent,,Asset,,Yes,,T_DUE_ACCT,225
2252,Short-term receivables on Income tax           ,,Asset,,Yes,,T_DUE_ACCT,225
2253,Short-term receivables on VAT                    ,,Asset,,Yes,,T_DUE_ACCT,225
2254,Receivables on excise tax                         ,,Asset,,Yes,,T_DUE_ACCT,225
2255,Receivables on property tax                       ,,Asset,,Yes,,T_DUE_ACCT,225
2256,Receivables on land tax                           ,,Asset,,Yes,,T_DUE_ACCT,225
2257,Receivables on custom tax                         ,,Asset,,Yes,,T_DUE_ACCT,225
2258,Receivables on state due                          ,,Asset,,Yes,,T_DUE_ACCT,225
2259,Receivables on other compulsory payments  ,,Asset,,Yes,,T_DUE_ACCT,225
22591, Receivables on other compulsory payments,,Asset,,Yes,,T_DUE_ACCT,225
2245,Prepayments for other purposes,,Asset,,Yes,,T_DUE_ACCT,224
226,Indirect taxes subject to set-off(compensation)   ,,Asset,,Yes,,T_DUE_ACCT,22
2261, Indirect taxes subject to set-off VAT             ,,Asset,,Yes,,T_DUE_ACCT,226
22611,   Taxes subject to set-off VAT(current month)       ,,Asset,,Yes,,T_DUE_ACCT,226
22612,   Taxes subject to set-off VAT(previous month)      ,,Asset,,Yes,,T_DUE_ACCT,226
22613,   Indirect VAT subject to set-off from abroad       ,,Asset,,Yes,,T_DUE_ACCT,226
227,Receivables on compulsory social insur.           ,,Asset,,Yes,,T_DUE_ACCT,22
2271, Receivables on compulsory social insur.           ,,Asset,,Yes,,T_DUE_ACCT,227
228,Receivables on accountable payments               ,,Asset,,Yes,,T_DUE_ACCT,22
2281, Accountable payments for acquisition of materials ,,Asset,,Yes,,T_DUE_ACCT,228
2282, Accountable payments for acquisition of goods     ,,Asset,,Yes,,T_DUE_ACCT,228
2283, Accountable payments for actions                  ,,Asset,,Yes,,T_DUE_ACCT,228
2284, Accountable payments for other purposes ,,Asset,,Yes,,T_DUE_ACCT,228
229,Other  receivables                                ,,Asset,,Yes,,T_DUE_ACCT,22
2291,  Receivables on labor payment                 ,,Asset,,Yes,,T_DUE_ACCT,229
2292,  Receivables from pers.on other operations,,Asset,,Yes,,T_DUE_ACCT,229
2293,  Receivables on claims                            ,,Asset,,Yes,,T_DUE_ACCT,229
23,CURRENT FINANCIAL INVESTMENTS,,Asset,,,Yes,,2
231,The current financial assets measured through prof,,Asset,,,Yes,,23
2311,  Fin.assets keeped for proposals of sale           ,,Asset,,Yes,,T_DUE_ACCT,231
2312,  Primarily as the classified  current financial as ,,Asset,,Yes,,T_DUE_ACCT,231
2313,  Primarily as the classified  current part of non- ,,Asset,,Yes,,T_DUE_ACCT,231
232,Current fin.assets available for sale             ,,Asset,,Yes,,T_DUE_ACCT,23
2321,  Current fin.assets available for sale             ,,Asset,,Yes,,T_DUE_ACCT,232
2322,  Current part of non-cur.fin.ass.avail. for sale   ,,Asset,,Yes,,T_DUE_ACCT,232
233,Total earn from cur.inv.keeped untill time to run ,,Asset,,Yes,,T_DUE_ACCT,23
234,S-Tpart of tot.ear.fromL-Tinv.keep.unt.time to run,,Asset,,Yes,,T_DUE_ACCT,23
235,Total earn.from short-term lending                ,,Asset,,Yes,,T_DUE_ACCT,23
236,Short-term part of total ear.fro long-term lending,,Asset,,Yes,,T_DUE_ACCT,23
237,Short-term part of total ear. from finance lease  ,,Asset,,Yes,,T_DUE_ACCT,23
238,Unear.fin.inc.from sh-t fin.ass.calc.on depr.cost ,,Asset,,Yes,,T_DUE_ACCT,23
2381,  Unear.fin.inc.from sh-t.inv.keeped unt.time to run,,Asset,,Yes,,T_DUE_ACCT,238
2382,  Unear.f.inc.from s-t.part of l-t.inv.keep.unt.time,,Asset,,Yes,,T_DUE_ACCT,238
2383,  Unear.fin.inc.from short-term lending             ,,Asset,,Yes,,T_DUE_ACCT,238
2384,  Unear.f.inc.from short-term part of long-term lend,,Asset,,Yes,,T_DUE_ACCT,238
2385,  Unear.fin.inc. from short-term part of finan.lease,,Asset,,Yes,,T_DUE_ACCT,238
239,Cur.fin.assets provided for hedging               ,,Asset,,Yes,,T_DUE_ACCT,23
241,Devaluation (non-repayb.) of cur.fin.assets       ,,Asset,,Yes,,T_DUE_ACCT,23
2412,  Devaluation of cur.fin.assets available for sale  ,,Asset,,Yes,,T_DUE_ACCT,241
2413,  Non-repayab.of short-term inv.keep unt.time to run,,Asset,,Yes,,T_DUE_ACCT,241
2414,  Non-rep.of s-t part of l-t inv.keep.unt.time to ru,,Asset,,Yes,,T_DUE_ACCT,241
2415,  Non-repayabl.of  lending                          ,,Asset,,Yes,,T_DUE_ACCT,241
2416,  Non-rep.of short-term part of long-term lending   ,,Asset,,Yes,,T_DUE_ACCT,241
2417,   Non-rep.of s-t part of total earn.from fin.lease ,,Asset,,Yes,,T_DUE_ACCT,241
25,CASH                                              ,,Asset,,Yes,,T_DUE_ACCT,2
251, Cash in hand                                      ,,Asset,,Yes,,T_DUE_ACCT,25
2510,   Cash in hand                                      ,,Asset,,Yes,,T_DUE_ACCT,25
251002,      Cash in hand                                      ,,Asset,,Yes,,T_DUE_ACCT,251
251003,      Cash in hand                                      ,,Asset,,Yes,,T_DUE_ACCT,251
251010,      Cash in hand                                      ,,Asset,,Yes,,T_DUE_ACCT,251
251011,      Cash in hand                                      ,,Asset,,Yes,,T_DUE_ACCT,251
251014,      Cash in hand                                      ,,Asset,,Yes,,T_DUE_ACCT,251
251016,      Cash in hand                                      ,,Asset,,Yes,,T_DUE_ACCT,251
251018,      Cash in hand                                      ,,Asset,,Yes,,T_DUE_ACCT,251
251019,      Cash in hand                                      ,,Asset,,Yes,,T_DUE_ACCT,251
2511,   Cash in National Currency                         ,,Asset,,Yes,,T_DUE_ACCT,251
2512,   Cash in Foreign Currency                          ,,Asset,,Yes,,T_DUE_ACCT,251
2513,   Cash in hand                                      ,,Asset,,Yes,,T_DUE_ACCT,251
251301,      Cash in hand                                      ,,Asset,,Yes,,T_DUE_ACCT,251
251302,      Cash in hand                                      ,,Asset,,Yes,,T_DUE_ACCT,251
251303,      Cash in hand                                      ,,Asset,,Yes,,T_DUE_ACCT,251
251310,      Cash in hand                                      ,,Asset,,Yes,,T_DUE_ACCT,251
251311,      Cash in hand                                      ,,Asset,,Yes,,T_DUE_ACCT,251
251314,      Cash in hand                                      ,,Asset,,Yes,,T_DUE_ACCT,251
2513161,       Cash in hand                                      ,,Asset,,Yes,,T_DUE_ACCT,251
2513162,       Cash in hand                                      ,,Asset,,Yes,,T_DUE_ACCT,251
251318,      Cash in hand                                      ,,Asset,,Yes,,T_DUE_ACCT,251
251319,      Cash in hand                                      ,,Asset,,Yes,,T_DUE_ACCT,251
251320,      Cash in hand                                      ,,Asset,,Yes,,T_DUE_ACCT,251
251322,      Cash in hand                                      ,,Asset,,Yes,,T_DUE_ACCT,251
252, Settlement Account                                ,,Asset,,,Yes,,25
25201,                                                 ,,Asset,,,Yes,,252
2521, Settlement Account                  ,,Asset,,Yes,,T_DUE_ACCT,252
25211,   Settlement Account                 ,,Asset,,Yes,,T_DUE_ACCT,252
25212,   Settlement Account                 ,,Asset,,Yes,,T_DUE_ACCT,252
25213,   Settlement Account                 ,,Asset,,Yes,,T_DUE_ACCT,252
25214,                                                 ,,Asset,,Yes,,T_DUE_ACCT,252
25215,                                                 ,,Asset,,Yes,,T_DUE_ACCT,252
25216,   Settlement Account                 ,,Asset,,Yes,,T_DUE_ACCT,252
2522, Frozen settlment account          ,,Asset,,Yes,,T_DUE_ACCT,252
25221,   Frozen settlment account         ,,Asset,,Yes,,T_DUE_ACCT,252
253,Foreign currency account            ,,Asset,,Yes,,T_DUE_ACCT,25
2531, Foreign currency account          ,,Asset,,Yes,,T_DUE_ACCT,253
25311,   Foreign currency account         ,,Asset,,Yes,,T_DUE_ACCT,253
25312,   Foreign currency account         ,,Asset,,Yes,,T_DUE_ACCT,253
25313,   Foreign currency account         ,,Asset,,Yes,,T_DUE_ACCT,253
25314,   Foreign currency account         ,,Asset,,Yes,,T_DUE_ACCT,253
25315,   Foreign currency account         ,,Asset,,Yes,,T_DUE_ACCT,253
25316,   Foreign currency account         ,,Asset,,Yes,,T_DUE_ACCT,253
25317,   Foreign currency account         ,,Asset,,Yes,,T_DUE_ACCT,253
25318,   Foreign currency account         ,,Asset,,Yes,,T_DUE_ACCT,253
25319,   Foreign currency account         ,,Asset,,Yes,,T_DUE_ACCT,253
25320,   Foreign currency account         ,,Asset,,Yes,,T_DUE_ACCT,253
25321,   Foreign currency account         ,,Asset,,Yes,,T_DUE_ACCT,253
2533, Frozen foreign currency account,,Asset,,Yes,,T_DUE_ACCT,253
254,Other bank accounts                  ,,Asset,,Yes,,T_DUE_ACCT,25
2541, Letters of credit                        ,,Asset,,Yes,,T_DUE_ACCT,254
2542, Check books                            ,,Asset,,Yes,,T_DUE_ACCT,254
2543, Other bank accounts                 ,,Asset,,Yes,,T_DUE_ACCT,254
2545, Other bank accounts                 ,,Asset,,Yes,,T_DUE_ACCT,254
255,CASH                                        ,,Asset,,Yes,,T_DUE_ACCT,25
2550, CASH                                      ,,Asset,,Yes,,T_DUE_ACCT,25
255001,    CASH                                   ,,Asset,,Yes,,T_DUE_ACCT,255
255002,    CASH                                   ,,Asset,,Yes,,T_DUE_ACCT,255
255003,    CASH                                   ,,Asset,,Yes,,T_DUE_ACCT,255
255004,    CASH                                   ,,Asset,,Yes,,T_DUE_ACCT,255
255005,    CASH                                   ,,Asset,,Yes,,T_DUE_ACCT,255
255006,    CASH                                   ,,Asset,,Yes,,T_DUE_ACCT,255
255007,    CASH                                   ,,Asset,,Yes,,T_DUE_ACCT,255
2550071,   CASH        ,,Asset,,Yes,,T_DUE_ACCT,255
2550072,   CASH        ,,Asset,,Yes,,T_DUE_ACCT,255
2550073,   CASH        ,,Asset,,Yes,,T_DUE_ACCT,255
255008, CASH         ,,Asset,,Yes,,T_DUE_ACCT,255
255009, CASH         ,,Asset,,Yes,,T_DUE_ACCT,255
255010,                   ,,Asset,,Yes,,T_DUE_ACCT,255
255011, CASH         ,,Asset,,Yes,,T_DUE_ACCT,255
255012, CASH         ,,Asset,,Yes,,T_DUE_ACCT,255
255013,                   ,,Asset,,Yes,,T_DUE_ACCT,255
2550131,                    ,,Asset,,Yes,,T_DUE_ACCT,255
2550132,                    ,,Asset,,Yes,,T_DUE_ACCT,255
255014, CASH         ,,Asset,,Yes,,T_DUE_ACCT,255
2550181,   CASH        ,,Asset,,Yes,,T_DUE_ACCT,255
255019, CASH         ,,Asset,,Yes,,T_DUE_ACCT,255
255020, CASH         ,,Asset,,,Yes,,255
255021, CASH         ,,Asset,,,Yes,,255
2551,                  ,,Asset,,Yes,,T_DUE_ACCT,255
255101,                  ,,Asset,,Yes,,T_DUE_ACCT,255
2552,                  ,,Asset,,Yes,,T_DUE_ACCT,255
25520,                  ,,Asset,,Yes,,T_DUE_ACCT,255
255200, CASH        ,,Asset,,Yes,,T_DUE_ACCT,255
2552001,  CASH       ,,Asset,,Yes,,T_DUE_ACCT,255
2552002,  CASH       ,,Asset,,Yes,,T_DUE_ACCT,255
2552003,  CASH       ,,Asset,,Yes,,T_DUE_ACCT,255
2552004,  CASH       ,,Asset,,Yes,,T_DUE_ACCT,255
2552009,  CASH       ,,Asset,,Yes,,T_DUE_ACCT,255
255201, CASH        ,,Asset,,Yes,,T_DUE_ACCT,255
255202, CASH        ,,Asset,,Yes,,T_DUE_ACCT,255
255203, CASH        ,,Asset,,Yes,,T_DUE_ACCT,255
255204, CASH        ,,Asset,,Yes,,T_DUE_ACCT,255
255205, CASH        ,,Asset,,Yes,,T_DUE_ACCT,255
255206,CASH    ,,Asset,,Yes,,T_DUE_ACCT,255
255207,             ,,Asset,,Yes,,T_DUE_ACCT,255
2552071,             ,,Asset,,Yes,,T_DUE_ACCT,255
2552072,             ,,Asset,,Yes,,T_DUE_ACCT,255
2552073,             ,,Asset,,Yes,,T_DUE_ACCT,255
255208,CASH    ,,Asset,,Yes,,T_DUE_ACCT,255
255209,CASH    ,,Asset,,Yes,,T_DUE_ACCT,255
255210,CASH    ,,Asset,,Yes,,T_DUE_ACCT,255
255211,CASH    ,,Asset,,Yes,,T_DUE_ACCT,255
255212,CASH    ,,Asset,,Yes,,T_DUE_ACCT,255
255213,             ,,Asset,,Yes,,T_DUE_ACCT,255
2552131,             ,,Asset,,Yes,,T_DUE_ACCT,255
2552132,             ,,Asset,,Yes,,T_DUE_ACCT,255
255214,             ,,Asset,,Yes,,T_DUE_ACCT,255
2552181,             ,,Asset,,Yes,,T_DUE_ACCT,255
255219,             ,,Asset,,Yes,,T_DUE_ACCT,255
255220,             ,,Asset,,Yes,,T_DUE_ACCT,255
255221,             ,,Asset,,Yes,,T_DUE_ACCT,255
2553,                                                     ,,Asset,,Yes,,T_DUE_ACCT,255
256, Cash documents                                    ,,Asset,,Yes,,T_DUE_ACCT,25
258, Currency conversion                               ,,Asset,,Yes,,T_DUE_ACCT,25
2581,   Currency conversion for bank accounts             ,,Asset,,Yes,,T_DUE_ACCT,258
2582,   Currency conversion` D/C                          ,,Asset,,Yes,,T_DUE_ACCT,258
26,OTHER CURRENT ASSETS                              ,,Asset,,Yes,,T_DUE_ACCT,2
261, Current assets' offset on deferred indirect taxes ,,Asset,,Yes,,T_DUE_ACCT,26
2611,   Current assets on deferred taxes (VAT)            ,,Asset,,Yes,,T_DUE_ACCT,261
262,                                                   ,,Asset,,Yes,,T_DUE_ACCT,26
2621,                                                     ,,Asset,,Yes,,T_DUE_ACCT,262
262.1,   DEFERRED EXPENSES                                 ,,Asset,,Yes,,T_DUE_ACCT,262
263, Assets classified as keeped for purposes of sale  ,,Asset,,Yes,,T_DUE_ACCT,26
2631,   Fixed assets classified as keeped for purposes of,,Asset,,Yes,,T_DUE_ACCT,263
2632,   Intangible assets classified as keeped for purpose,,Asset,,Yes,,T_DUE_ACCT,263
2633,   Other non-current assets classified as keeped for ,,Asset,,Yes,,T_DUE_ACCT,263
2634,   Current assets in alienation group classified as k,,Asset,,Yes,,T_DUE_ACCT,263
